-3.595,0.079,3.555
-2.33,-0.205,1.496
-3.911,-1.055,3.906
-3.501,0.435,2.07
-4.752,0.042,1.281
-5.974,0.826,1.764
-4.535,0.232,-0.221
-1.445,1.72,0.692
-1.409,0.501,0.859
-3.315,1.072,4.387
-3.364,0.879,5.826
-2.503,1.917,6.549
-3.009,2.947,6.992
-1.218,1.61,6.645
-0.282,2.504,7.305
1.118,2.286,6.729
1.488,1.161,6.395
-0.333,2.271,8.817
1.86,3.379,6.631
3.212,3.322,6.101
4.235,3.539,7.217
5.653,3.29,6.701
6.367,4.609,6.398
6.446,2.419,7.676
3.344,4.316,4.945
3.076,5.504,5.109
3.758,3.791,3.801
3.929,4.617,2.617
2.939,4.169,1.54
2.972,3.022,1.1
5.381,4.534,2.143
2.08,5.099,1.149
1.082,4.815,0.132
1.58,5.284,-1.237
2.863,4.551,-1.635
0.496,5.113,-2.303
-0.248,5.456,0.535
-0.349,6.677,0.629
-1.235,4.601,0.764
-2.554,5.068,1.156
-2.807,4.698,2.618
-2.463,3.6,3.053
-3.612,4.505,0.205
-4.962,5.192,0.419
-3.159,4.625,-1.252
-3.408,5.635,3.337
-3.713,5.421,4.742
-5.212,5.179,4.922
-5.618,3.813,4.366
-5.618,5.317,6.39
-3.197,6.608,5.557
-3.535,7.756,5.271
-2.386,6.292,6.556
-1.82,7.318,7.415
-0.305,7.108,7.467
0.164,5.987,7.66
-2.475,7.298,8.797
-1.741,8.137,9.845
-1.921,9.432,10.14
-0.709,7.727,10.733
-1.073,9.845,11.147
-0.304,8.748,11.518
-0.119,6.453,10.86
0.697,8.654,12.492
0.882,6.358,11.833
1.299,7.409,12.641
0.419,8.204,7.292
1.871,8.154,7.318
2.39,8.384,8.738
3.913,8.53,8.734
4.417,9.056,10.08
4.589,7.215,8.343
2.428,9.145,6.292
2.4,10.354,6.513
2.921,8.593,5.193
3.484,9.412,4.133
2.866,8.961,2.807
2.395,7.83,2.692
5.013,9.339,4.136
5.658,9.862,5.421
5.406,11.012,6.061
6.662,9.244,6.214
6.186,11.143,7.192
6.985,10.008,7.279
7.302,8.004,6.006
7.941,9.666,8.243
8.258,7.662,6.969
8.59,8.449,8.066
2.89,9.867,1.842
2.338,9.576,0.529
3.395,9.791,-0.556
4.677,9.029,-0.214
4.492,7.525,-0.421
5.868,9.575,-1.005
1.067,10.402,0.32
1.135,11.556,-0.1
-0.062,9.778,0.623
-1.346,10.442,0.474
-2.25,9.984,1.621
-2.045,8.913,2.189
-1.947,10.169,-0.906
-1.155,10.783,-2.061
-1.276,12.011,-2.584
-0.12,10.186,-2.832
-0.387,12.21,-3.621
0.346,11.038,-3.77
0.421,8.889,-2.714
1.365,10.737,-4.682
1.441,8.589,-3.625
1.92,9.466,-4.591
-3.233,10.819,1.926
-4.168,10.515,2.996
-5.603,10.493,2.462
-5.836,9.251,1.6
-6.394,8.1,2.44
-6.731,9.575,0.402
-3.957,11.496,4.15
-4.386,12.646,4.077
-3.294,11.006,5.187
-3.02,11.827,6.354
-1.606,11.501,6.84
-1,10.529,6.391
-4.086,11.619,7.433
-5.514,11.885,6.956
-6.165,13.056,6.907
-6.463,10.949,6.459
-7.445,12.904,6.417
-7.624,11.555,6.134
-6.312,9.557,6.289
-8.748,10.897,5.619
-7.435,8.9,5.774
-8.631,9.524,5.439
0.21,12.145,8.302
-1.122,12.332,7.751
1.207,13.019,7.538
1.257,12.684,6.153
3.555,-0.104,3.532
2.276,0.179,1.481
3.873,1.031,3.88
3.451,-0.461,2.047
4.697,-0.068,1.25
5.922,-0.852,1.725
4.47,-0.26,-0.25
1.386,-1.747,0.684
1.351,-0.528,0.85
3.281,-1.096,4.366
3.339,-0.902,5.805
2.482,-1.94,6.534
2.991,-2.97,6.974
1.198,-1.633,6.638
0.267,-2.527,7.305
-1.138,-2.309,6.738
-1.509,-1.185,6.406
0.327,-2.293,8.816
-1.88,-3.402,6.645
-3.235,-3.345,6.124
-4.251,-3.562,7.247
-5.672,-3.313,6.74
-6.388,-4.632,6.443
-6.459,-2.441,7.72
-3.375,-4.34,4.97
-3.106,-5.528,5.133
-3.796,-3.816,3.828
-3.975,-4.642,2.646
-2.992,-4.195,1.562
-3.028,-3.048,1.121
-5.431,-4.56,2.181
-2.136,-5.126,1.166
-1.144,-4.842,0.142
-1.651,-5.312,-1.223
-2.937,-4.579,-1.613
-0.574,-5.141,-2.296
0.188,-5.482,0.537
0.29,-6.704,0.631
1.176,-4.627,0.759
2.498,-5.094,1.143
2.761,-4.723,2.603
2.419,-3.626,3.039
3.55,-4.532,0.184
4.901,-5.219,0.39
3.088,-4.653,-1.269
3.367,-5.66,3.318
3.68,-5.446,4.721
5.181,-5.203,4.891
5.583,-3.837,4.332
5.596,-5.34,6.357
3.17,-6.632,5.54
3.506,-7.78,5.253
2.365,-6.315,6.544
1.805,-7.341,7.408
0.29,-7.131,7.47
-0.177,-6.01,7.665
2.469,-7.32,8.785
1.742,-8.158,9.839
1.924,-9.452,10.133
0.716,-7.748,10.733
1.083,-9.865,11.146
0.316,-8.768,11.521
0.127,-6.473,10.863
-0.679,-8.673,12.502
-0.868,-6.378,11.843
-1.28,-7.428,12.654
-0.434,-8.227,7.3
-1.886,-8.177,7.335
-2.396,-8.406,8.759
-3.919,-8.552,8.765
-4.414,-9.077,10.115
-4.597,-7.237,8.378
-2.45,-9.168,6.314
-2.421,-10.377,6.535
-2.95,-8.617,5.218
-3.52,-9.437,4.162
-2.911,-8.986,2.832
-2.441,-7.856,2.713
-5.049,-9.363,4.175
-5.685,-9.886,5.464
-5.43,-11.035,6.103
-6.685,-9.267,6.263
-6.203,-11.165,7.239
-7,-10.031,7.331
-7.326,-8.027,6.059
-7.95,-9.688,8.301
-8.276,-7.685,7.028
-8.6,-8.471,8.127
-2.941,-9.893,1.867
-2.398,-9.603,0.55
-3.462,-9.819,-0.527
-4.741,-9.056,-0.177
-4.559,-7.552,-0.386
-5.937,-9.603,-0.96
-1.128,-10.429,0.334
-1.199,-11.583,-0.085
0.002,-9.805,0.629
1.286,-10.468,0.472
2.197,-10.01,1.613
1.996,-8.939,2.181
1.878,-10.197,-0.912
1.078,-10.811,-2.062
1.196,-12.04,-2.585
0.038,-10.215,-2.826
0.3,-12.239,-3.616
-0.434,-11.068,-3.761
-0.502,-8.918,-2.705
-1.459,-10.767,-4.666
-1.528,-8.618,-3.61
-2.013,-9.496,-4.572
3.182,-10.845,1.912
4.124,-10.54,2.975
5.555,-10.519,2.432
5.783,-9.277,1.568
6.347,-8.125,2.403
6.67,-9.602,0.364
3.921,-11.521,4.131
4.35,-12.671,4.056
3.265,-11.03,5.172
2.998,-11.85,6.342
1.587,-11.523,6.837
0.979,-10.552,6.391
4.071,-11.642,7.414
5.496,-11.908,6.927
6.146,-13.079,6.875
6.441,-10.972,6.424
7.424,-12.927,6.376
7.601,-11.578,6.091
6.29,-9.58,6.254
8.721,-10.921,5.568
7.409,-8.923,5.731
8.603,-9.548,5.388
-0.219,-12.167,8.311
1.109,-12.354,7.751
-1.221,-13.041,7.554
-1.28,-12.708,6.169
